{
  "version": "2021.1",
  "applications": [],
  "platforms": [
    {
      "name": "design_1_wrapper"
    }
  ],
  "systems": [
    {
      "name": "AxiBramVitis2_system",
      "platform": "C:/Users/chenq/MAG/code/vitis/AxiBramVitis2/design_1_wrapper/export/design_1_wrapper/design_1_wrapper.xpfm",
      "sysConfig": "design_1_wrapper",
      "buildConfig": "Debug",
      "applications": [
        {
          "name": "AxiBramVitis2",
          "platform": "C:/Users/chenq/MAG/code/vitis/AxiBramVitis2/design_1_wrapper/export/design_1_wrapper/design_1_wrapper.xpfm",
          "platformPath": "C:\\Users\\chenq\\MAG\\code\\vitis\\AxiBramVitis2\\design_1_wrapper\\export\\design_1_wrapper",
          "sysConfig": "design_1_wrapper",
          "domain": "standalone_ps7_cortexa9_0",
          "system": "AxiBramVitis2_system"
        }
      ],
      "platformPath": "C:\\Users\\chenq\\MAG\\code\\vitis\\AxiBramVitis2\\design_1_wrapper\\export\\design_1_wrapper"
    }
  ],
  "others": []
}